participant_id first_name,last_name,birth_date,address,phone_number,country,institute,occupation,register_time
bd9b6f88-b84f-4c4d-90f8-b67fe2f1a29a,Citra,Nurdiyanti,05 Feb 1991,"Gg. Monginsidi No. 08\nMedan, Aceh 80734",(0151) 081 2706,Georgia,UD Prakasa Mandasari,Business Intelligence Engineer,1.617634e+09
7dfe3391-6f40-47b6-b4db-0c76ebaf5fc3,Aris,Setiawan,11 Jan 1993,"Gg. Rajawali Timur No. 7\nPrabumulih, MA 09434",+62 (036) 461 7027,Korea Utara,Universitas Diponegoro,Frontend Engineer,1.617634e+09
19582d7f-b824-4fe5-a517-d5bf573fc768,Cornelia,Handayani,31 Jul 1993,"Jalan Kebonjati No. 0\nAmbon, SS 57739",089 833 6695,Komoro,UD Hardiansyah Puspasari,Business Analyst,1.617634e+09
aeb6d817-25f3-4867-8a74-8d92e0a0f633,Soleh,Rajasa,04 Nov 1991,"Jl. Yos Sudarso No. 109\nLubuklinggau, SR 76156",+62 (418) 329-4756,Eritrea,Perum Tampubolon Yuliarti,DevOps Engineer,1.617634e+09
1fdabdd9-5444-4c97-87b2-fe8833ad0d27,Vivi,Astuti,22 Jan 2003,"Jalan Gardujati No. 53\nKediri, Sulawesi Tengah 70074",0812511835,Aljazair,PT Hardiansyah Rahimah,Data Analyst,1.617634e+09
f1e8749d-6dec-4ede-be25-efb31ce80f99,Bahuraksa,Mangunsong,13 Nov 1997,"Jl. Pacuan Kuda No. 58\nDenpasar, Aceh 00880",+62 (11) 369-7082,Zambia,CV Mardhiyah Haryanto,Business Analyst,1.617634e+09
707219fa-cb0b-467c-ad32-e99c61603020,Tiara,Maryati,10 Mar 1994,"Gg. Cihampelas No. 4\nSamarinda, KT 48108",(0244) 430 7220,Libya,UD Irawan Wahyuni,Product Analyst,1.617634e+09
bc4e9cc3-f49b-40a2-905c-3e9dcf3af958,Dimaz,Gunarto,16 Feb 2000,"Gg. Sukabumi No. 7\nParepare, Bali 64255",+62 (056) 931-9059,Republik Demokratik Kongo,Perum Purnawati,Data Scientist,1.617634e+09
7ca0a2e8-bab0-42a3-b6aa-ef4df35c7800,Zizi,Puspasari,11 Apr 2002,"Gg. Peta No. 01\nMedan, BE 89056",+62 (11) 826-1289,Gambia,Universitas Bhayangkara Surabaya,Data Analyst,1.617634e+09
7db879a6-eae5-4cf3-87da-c452df8e99c1,Cecep,Haryanto,15 Jan 1994,"Jalan Cempaka No. 8\nBitung, Kalimantan Barat 51825",+62 (86) 156 1327,Palau,PD Pudjiastuti Palastri Tbk,Fullstack Engineer,1.617634e+09
ae29b7cb-837c-4f78-957a-f8f7dcd3d6f0,Vanya,Yuliarti,09 Apr 1998,"Gang Laswi No. 34\nKediri, Sulawesi Barat 18717",+62 (004) 561 6831,Finlandia,Universitas Janabadra,Flutter Engineer,1.617634e+09
f6abbf84-2979-4f07-ac18-f4028bf009ac,Yahya,Damanik,30 Jun 1993,"Gang HOS. Cokroaminoto No. 74\nBau-Bau, MA 40721",+62-304-075-1010,Mali,PD Andriani Gunarto (Persero) Tbk,Data Scientist,1.617634e+09
ff1228c9-cbb8-4c85-abd3-2200ee871599,Natalia,Hartati,03 Oct 1992,"Jl. Sukajadi No. 387\nGorontalo, Aceh 40645",+62-766-738-4901,Ghana,Universitas Katolik Widya Manadala,Data Scientist,1.617634e+09
511d94e6-ee70-4afe-8516-4df0d7f74698,Karja,Sihombing,14 Feb 1998,"Jl. Rajawali Timur No. 0\nBatam, Kalimantan Timur 12174",+62-57-926-3059,Uzbekistan,Universitas Muhammadiyah Sumatra Utara,DevOps Engineer,1.617634e+09
5bb00c77-c91d-47bc-9dbc-996efcd5b76e,Maria,Utami,30 Oct 2002,"Gg. Astana Anyar No. 06\nPagaralam, KT 46071",+62 (447) 608 1087,Botswana,Universitas Negeri Semarang,Business Intelligence Engineer,1.617634e+09
b11b5a7b-654f-4a6a-84be-6c9bfc116c94,Kalim,Simbolon,19 May 1995,"Jalan Cikapayang No. 703\nTidore Kepulauan, Maluku 29328",(093) 063-0588,Gambia,PD Nugroho Latupono Tbk,Product Analyst,1.617634e+09
8f5cc17e-71b5-47a4-b70e-fae7d7a0c46f,Kezia,Wahyuni,20 Nov 1992,"Jl. S. Parman No. 8\nKota Administrasi Jakarta Barat, MU 15807",+62 (857) 263-5384,Iran,UD Haryanti Tbk,Business Intelligence Engineer,1.617634e+09
407116ef-fb38-432f-b62e-d955d9ca1712,Saiful,Dongoran,01 Sep 1992,"Jl. Cempaka No. 83\nTarakan, KU 31450",+62 (631) 363 8240,Sudan Selatan,Universitas Bung Hatta,Data Engineer,1.617634e+09
17dd1666-818e-4681-bedd-b9f016096c74,Ani,Utami,06 Jan 1997,"Gg. Rumah Sakit No. 49\nDepok, AC 30846",+62-783-529-5810,Indonesia,Universitas Muhammadiyah Makassar,Data Scientist,1.617634e+09
88bede2b-2d5a-45c6-8ade-c1a3289f2728,Heru,Anggriawan,14 Apr 1992,"Jl. Tebet Barat Dalam No. 003\nPalangkaraya, Bengkulu 80904",083 504 5393,Georgia,Universitas Advent Indonesia,Product Manager,1.617634e+09
3810d4c7-9c7f-4f46-95e6-dd81ff5f9356,Qori,Lestari,08 Oct 1998,"Gg. Ir. H. Djuanda No. 36\nSolok, Sulawesi Selatan 34188",+62-0748-723-1906,Venezuela,UD Namaga Rahimah (Persero) Tbk,Frontend Engineer,1.617634e+09
540a4551-222c-4508-be21-919bc920f667,Caraka,Damanik,28 Jul 1991,"Jalan Sukabumi No. 26\nBatu, SG 15858",0853316705,Argentina,STMIK AMIKOM Yogyakarta,Mobile Engineer,1.617634e+09
37f4aed3-5e39-4620-ac1e-6b82f3ea1a8e,Anastasia,Oktaviani,21 Aug 1996,"Jl. Kendalsari No. 21\nBau-Bau, Gorontalo 02942",+62 (44) 781 5744,Brunei,UD Prasetya Saragih,DevOps Engineer,1.617634e+09
1abb5ace-e2f8-4ac3-90d5-cdd70838ca50,Kusuma,Pradipta,04 Jan 1991,"Gang Jamika No. 43\nSorong, Sulawesi Barat 06933",+62 (84) 231-8406,Norwegia,PD Sirait Prakasa,Quality Assurance Engineer,1.617634e+09
80c5fc2b-c315-42d0-9a6f-101314baff32,Rina,Pudjiastuti,04 Dec 2001,"Gang W.R. Supratman No. 78\nSorong, Sulawesi Tengah 54632",+62-060-374-6863,Islandia,Universitas Komputer Indonesia,Flutter Engineer,1.617634e+09
83d9dbf8-f13d-4171-989a-8995ec10468e,Cengkal,Habibi,12 Aug 1991,"Gg. Stasiun Wonokromo No. 80\nBalikpapan, ST 07552",+62 (0748) 975-6355,Ghana,Universitas Proklamasi 45,Quality Assurance Engineer,1.617634e+09
f8d019ac-5beb-4855-be29-ecc5c39d4d7f,Wulan,Melani,22 Aug 2000,"Jl. Suniaraja No. 8\nKotamobagu, ST 86033",+62-535-749-3999,Rumania,PT Waluyo (Persero) Tbk,Data Analyst,1.617634e+09
f26e2057-3968-423f-a948-575e577f8c0d,Daryani,Prayoga,24 Apr 2000,"Gang Cihampelas No. 727\nCirebon, SU 28439",+62 (071) 659-1003,Malawi,CV Saputra Tbk,Quality Assurance Engineer,1.617634e+09
c96ad235-14db-41ec-ad57-11e8898df1da,Jamalia,Namaga,22 Jan 1995,"Jl. Dr. Djunjunan No. 457\nCilegon, RI 38972",+62 (0950) 721 1608,Haiti,Universitas 17 Agustus 1945 Semarang,Frontend Engineer,1.617634e+09
0effee30-7b9a-42b4-bc99-0bd9b10324b2,Bahuraksa,Wibisono,06 Apr 2001,"Jalan Kebonjati No. 057\nBatu, Aceh 04577",(0936) 648 4361,Kosta Rika,Universitas Indonesia,Frontend Engineer,1.617634e+09
946d62f5-e7c0-45b2-a1c5-8253f42ca4b1,Rini,Rahmawati,21 Nov 2002,"Jl. Monginsidi No. 9\nCimahi, LA 67061",+62 (297) 924 9610,Pantai Gading,CV Rahayu,Quality Assurance Engineer,1.617634e+09
4520ed4a-c236-40f2-952b-44cfdeaf6ec2,Hasan,Winarno,23 Nov 1997,"Gang Rumah Sakit No. 98\nPalembang, JB 01635",+62 (918) 452 3564,Luksemburg,CV Sudiati Maryati,Product Manager,1.617634e+09
87d7f970-d6ee-4e07-bc6b-dddb0fef2e09,Padma,Yulianti,01 Aug 1997,"Gg. H.J Maemunah No. 063\nSolok, SS 84962",+62 (26) 633-0605,Gabon,UD Latupono (Persero) Tbk,Flutter Engineer,1.617634e+09
179486b4-bd76-4f48-a82d-11815cec6bf3,Galih,Mahendra,20 May 1995,"Gg. Ciumbuleuit No. 230\nBandung, KI 24402",+62 (093) 971-6807,Amerika Serikat,PT Pradipta Pradana,Business Intelligence Engineer,1.617634e+09
f24b2b33-a38a-41dd-baa5-1cef43d3edf4,Ghaliyati,Rahmawati,06 Feb 2000,"Jalan Medokan Ayu No. 802\nMalang, PA 32532",+62 (38) 658-6151,Guinea Khatulistiwa,Universitas Lancang Kuning,Business Analyst,1.617634e+09
4cc67bea-bc27-454b-9984-f9cafcaefa5c,Dasa,Setiawan,30 May 2001,"Jl. Dipenogoro No. 7\nLangsa, DKI Jakarta 16268",+62 (39) 750-8614,Senegal,Perum Nasyidah,Fullstack Engineer,1.617634e+09
ee6893d5-2df5-4d23-8297-c55b199c369b,Ika,Mulyani,04 Jan 1998,"Jl. R.E Martadinata No. 86\nBatam, NB 13230",+62-085-285-2414,Kepulauan Marshall,PD Pangestu (Persero) Tbk,Data Analyst,1.617634e+09
b4e3376e-31dd-4266-9d55-61ed8902b430,Galur,Gunarto,12 Dec 1993,"Jl. Pasteur No. 338\nSorong, Nusa Tenggara Timur 33547",+62-0891-444-4404,Sri Lanka,PT Pradipta Sihombing Tbk,Flutter Engineer,1.617634e+09
e0255ddf-c4c9-4d59-9f14-a856b8c01941,Salwa,Wastuti,22 Sep 1999,"Jl. Laswi No. 228\nPekanbaru, Lampung 71722",0868129145,Senegal,STIE Perbanas,Product Manager,1.617634e+09
184925b8-11d0-4658-9222-e73df34af2fc,Vino,Hutasoit,24 Aug 1994,"Jl. Jakarta No. 88\nBontang, Bengkulu 31407",+62 (0845) 374 2379,Israel,Perum Oktaviani Hutagalung (Persero) Tbk,Fullstack Engineer,1.617634e+09
dc2dec34-66df-4814-837c-5bbe343df832,Dalima,Purnawati,12 Jan 1993,"Jl. Jamika No. 011\nPangkalpinang, JT 40539",+62-586-617-9745,Azerbaijan,Universitas Bhayangkara Jakarta Raya,Fullstack Engineer,1.617634e+09
02d2618e-8730-4d58-8d46-d9c7a4b2bdc2,Harsaya,Dongoran,25 Aug 1994,"Gang Rungkut Industri No. 4\nTasikmalaya, Jambi 75208",+62-002-067-3480,Tonga,Universitas Slamet Riyadi Surakarta,Flutter Engineer,1.617634e+09
db67a694-c4cb-43c1-a581-ba303b1f7d0d,Lidya,Handayani,24 Jun 1995,"Gg. Lembong No. 0\nPekalongan, Sulawesi Tenggara 22926",+62 (27) 225-6422,Yordania,Universitas Telkom,Fullstack Engineer,1.617634e+09
59eac0ca-3757-4fff-9941-2f66846cf1e1,Estiono,Firmansyah,07 Jan 2003,"Jalan Jend. Sudirman No. 470\nBontang, Jawa Timur 50141",(019) 546-9284,Azerbaijan,UD Tamba Sitompul,Data Scientist,1.617634e+09
5961bfa3-af78-404f-b156-c3b7a54e53d3,Novi,Melani,13 Aug 1990,"Gang Jakarta No. 79\nBandung, SS 75088",(0439) 279 9624,Kepulauan Marshall,Universitas HKBP Nommensen,Fullstack Engineer,1.617634e+09
d5d019ae-48dd-40c8-bc17-febff8587897,Taufik,Mustofa,19 Nov 1994,"Jl. Kutai No. 6\nSolok, RI 35183",081 487 2850,Kuwait,Universitas Islam Syekh-Yusuf,Data Analyst,1.617634e+09
c3f8ed98-c8e4-4fb1-a94f-376c80d2ec8f,Ulva,Laksita,21 Aug 1999,"Jalan Medokan Ayu No. 26\nKota Administrasi Jakarta Barat, NB 35427",+62 (0271) 719 9979,Brasil,Politeknik Negeri Bandung,DevOps Engineer,1.617634e+09
3f4b2514-bdf2-42ae-8881-b08db2778f46,Irsad,Hakim,11 Oct 1999,"Gg. Ir. H. Djuanda No. 13\nDumai, RI 72789",(0506) 165 5220,Gabon,Universitas Mulawarman,Business Analyst,1.617634e+09
c716e63c-e8c0-49c0-acad-1b6b7868cc59,Yessi,Pratiwi,04 Mar 1992,"Gang Setiabudhi No. 01\nPagaralam, Kepulauan Bangka Belitung 93249",(094) 398 7622,Republik Dominika,Politeknik Negeri Lhokseumawe,Data Analyst,1.617634e+09
77930806-d43d-4185-8615-b14c350261b8,Luthfi,Waluyo,07 Mar 1996,"Jalan Dipatiukur No. 863\nKupang, Jawa Timur 69261",(078) 382-5300,Venezuela,Universitas Komputer Indonesia,Fullstack Engineer,1.617634e+09
